[{"model": "contenttypes.contenttype", "pk": 1, "fields": {"app_label": "admin", "model": "logentry"}}, {"model": "contenttypes.contenttype", "pk": 2, "fields": {"app_label": "auth", "model": "permission"}}, {"model": "contenttypes.contenttype", "pk": 3, "fields": {"app_label": "auth", "model": "group"}}, {"model": "contenttypes.contenttype", "pk": 4, "fields": {"app_label": "auth", "model": "user"}}, {"model": "contenttypes.contenttype", "pk": 5, "fields": {"app_label": "contenttypes", "model": "contenttype"}}, {"model": "contenttypes.contenttype", "pk": 6, "fields": {"app_label": "sessions", "model": "session"}}, {"model": "contenttypes.contenttype", "pk": 7, "fields": {"app_label": "vendas", "model": "produto"}}, {"model": "contenttypes.contenttype", "pk": 8, "fields": {"app_label": "vendas", "model": "vendedor"}}, {"model": "contenttypes.contenttype", "pk": 9, "fields": {"app_label": "vendas", "model": "cliente"}}, {"model": "contenttypes.contenttype", "pk": 10, "fields": {"app_label": "vendas", "model": "venda"}}, {"model": "sessions.session", "pk": "b5pcipi5v6fhadifftub1agrdkxvvoal", "fields": {"session_data": "YzRlMTI4YWQ3ZDI0NmZkODRjNTUyMmU4MDVhZjEzMzRkNzU3ZTQ0Yjp7Il9hdXRoX3VzZXJfaWQiOiIxIiwiX2F1dGhfdXNlcl9iYWNrZW5kIjoiZGphbmdvLmNvbnRyaWIuYXV0aC5iYWNrZW5kcy5Nb2RlbEJhY2tlbmQiLCJfYXV0aF91c2VyX2hhc2giOiIyNDBkMGMwZDE1ZDM5NDkyZWUwMzc0N2YzODhmMTcxMTdmNWViNzA0In0=", "expire_date": "2019-11-30T00:27:33.333Z"}}, {"model": "vendas.produto", "pk": 1, "fields": {"nome": "Coca-cola", "preco": "8.77", "comissao": "3.00"}}, {"model": "vendas.produto", "pk": 2, "fields": {"nome": "Guaran\u00e1", "preco": "4.72", "comissao": "8.00"}}, {"model": "vendas.produto", "pk": 3, "fields": {"nome": "Sprite", "preco": "2.62", "comissao": "9.00"}}, {"model": "vendas.produto", "pk": 4, "fields": {"nome": "Coca Zero", "preco": "4.08", "comissao": "5.00"}}, {"model": "vendas.produto", "pk": 5, "fields": {"nome": "Fanta", "preco": "1.38", "comissao": "1.00"}}, {"model": "vendas.produto", "pk": 6, "fields": {"nome": "Fanta Uva", "preco": "4.84", "comissao": "0.00"}}, {"model": "vendas.produto", "pk": 7, "fields": {"nome": "Scwheppes", "preco": "4.75", "comissao": "6.00"}}, {"model": "vendas.produto", "pk": 8, "fields": {"nome": "H2OH!", "preco": "7.51", "comissao": "3.00"}}, {"model": "vendas.produto", "pk": 9, "fields": {"nome": "Aquarius", "preco": "2.28", "comissao": "0.00"}}, {"model": "vendas.produto", "pk": 10, "fields": {"nome": "Pepsi", "preco": "3.42", "comissao": "2.00"}}, {"model": "vendas.vendedor", "pk": 1, "fields": {"nome": "Cau\u00e3 Cunha Alves"}}, {"model": "vendas.vendedor", "pk": 2, "fields": {"nome": "Manuela Dias Cavalcanti"}}, {"model": "vendas.vendedor", "pk": 3, "fields": {"nome": "Isabela Fernandes Barbosa"}}, {"model": "vendas.vendedor", "pk": 4, "fields": {"nome": "Alex Fernandes Araujo"}}, {"model": "vendas.vendedor", "pk": 5, "fields": {"nome": "Vitor Melo Goncalves"}}, {"model": "vendas.vendedor", "pk": 6, "fields": {"nome": "Rebeca Pinto Gomes"}}, {"model": "vendas.vendedor", "pk": 7, "fields": {"nome": "Davi Dias Pinto"}}, {"model": "vendas.vendedor", "pk": 8, "fields": {"nome": "F\u00e1bio Alves Azevedo"}}, {"model": "vendas.vendedor", "pk": 9, "fields": {"nome": "Joao Rodrigues Pereira"}}, {"model": "vendas.vendedor", "pk": 10, "fields": {"nome": "Pedro Oliveira Cavalcanti"}}, {"model": "vendas.cliente", "pk": 1, "fields": {"nome": "Let\u00edcia Ribeiro Oliveira"}}, {"model": "vendas.cliente", "pk": 2, "fields": {"nome": "Carlos Rocha Oliveira"}}, {"model": "vendas.cliente", "pk": 3, "fields": {"nome": "Emilly Cunha Lima"}}, {"model": "vendas.cliente", "pk": 4, "fields": {"nome": "Andr\u00e9 Sousa Lima"}}, {"model": "vendas.cliente", "pk": 5, "fields": {"nome": "Melissa Silva Melo"}}, {"model": "vendas.cliente", "pk": 6, "fields": {"nome": "Melissa Melo Correia"}}, {"model": "vendas.cliente", "pk": 7, "fields": {"nome": "Kaua Ferreira Lima"}}, {"model": "vendas.cliente", "pk": 8, "fields": {"nome": "Aline Carvalho Barbosa"}}, {"model": "vendas.cliente", "pk": 9, "fields": {"nome": "Let\u00edcia Ferreira Gomes"}}, {"model": "vendas.cliente", "pk": 10, "fields": {"nome": "Luana Lima Castro"}}, {"model": "vendas.venda", "pk": 1, "fields": {"data_hora": "2019-11-03T01:20:00Z", "vendedor": 4, "cliente": 1, "produto": [6, 3, 2]}}, {"model": "vendas.venda", "pk": 2, "fields": {"data_hora": "2019-11-06T02:25:00Z", "vendedor": 4, "cliente": 10, "produto": [9, 8]}}, {"model": "vendas.venda", "pk": 3, "fields": {"data_hora": "2019-11-07T07:35:00Z", "vendedor": 3, "cliente": 10, "produto": [10, 9, 6, 4, 2, 1]}}, {"model": "vendas.venda", "pk": 4, "fields": {"data_hora": "2019-11-08T08:20:00Z", "vendedor": 9, "cliente": 2, "produto": [10]}}, {"model": "vendas.venda", "pk": 5, "fields": {"data_hora": "2019-11-09T14:20:00Z", "vendedor": 3, "cliente": 3, "produto": [10, 3]}}, {"model": "vendas.venda", "pk": 6, "fields": {"data_hora": "2019-11-11T14:40:00Z", "vendedor": 2, "cliente": 7, "produto": [6, 5, 4, 1]}}, {"model": "vendas.venda", "pk": 7, "fields": {"data_hora": "2019-11-13T14:50:00Z", "vendedor": 4, "cliente": 2, "produto": [9, 5, 2]}}, {"model": "vendas.venda", "pk": 8, "fields": {"data_hora": "2019-11-24T16:05:00Z", "vendedor": 2, "cliente": 3, "produto": [10, 9, 8, 7, 2]}}, {"model": "vendas.venda", "pk": 9, "fields": {"data_hora": "2019-11-28T18:55:00Z", "vendedor": 4, "cliente": 5, "produto": [10, 9, 7, 6, 4, 3]}}, {"model": "vendas.venda", "pk": 10, "fields": {"data_hora": "2019-11-30T19:45:00Z", "vendedor": 6, "cliente": 10, "produto": [9, 8, 1]}}, {"model": "vendas.venda", "pk": 11, "fields": {"data_hora": "2019-11-01T03:00:00Z", "vendedor": null, "cliente": 2, "produto": [9, 4, 3, 1]}}, {"model": "vendas.venda", "pk": 12, "fields": {"data_hora": "2019-11-03T09:25:00Z", "vendedor": 4, "cliente": 5, "produto": [8, 5, 3]}}, {"model": "vendas.venda", "pk": 13, "fields": {"data_hora": "2019-11-04T12:25:00Z", "vendedor": 8, "cliente": 10, "produto": [9, 7, 2]}}, {"model": "vendas.venda", "pk": 14, "fields": {"data_hora": "2019-11-05T13:30:00Z", "vendedor": 3, "cliente": 2, "produto": [10, 1]}}, {"model": "vendas.venda", "pk": 15, "fields": {"data_hora": "2019-11-07T14:10:00Z", "vendedor": 8, "cliente": 6, "produto": [6, 4, 2, 1]}}, {"model": "vendas.venda", "pk": 16, "fields": {"data_hora": "2019-11-14T20:15:00Z", "vendedor": 3, "cliente": 2, "produto": [5, 7]}}, {"model": "vendas.venda", "pk": 17, "fields": {"data_hora": "2019-11-15T20:40:00Z", "vendedor": 4, "cliente": 7, "produto": [2, 4, 5, 6]}}, {"model": "vendas.venda", "pk": 18, "fields": {"data_hora": "2019-11-16T23:00:00Z", "vendedor": null, "cliente": 7, "produto": [8, 10, 4, 6]}}, {"model": "vendas.venda", "pk": 19, "fields": {"data_hora": "2019-11-23T23:15:00Z", "vendedor": 4, "cliente": 5, "produto": [2, 10, 3]}}, {"model": "vendas.venda", "pk": 20, "fields": {"data_hora": "2019-11-27T23:45:00Z", "vendedor": null, "cliente": 4, "produto": [6]}}, {"model": "vendas.venda", "pk": 21, "fields": {"data_hora": "2019-11-04T03:30:00Z", "vendedor": null, "cliente": 6, "produto": [7]}}, {"model": "vendas.venda", "pk": 22, "fields": {"data_hora": "2019-11-05T03:55:00Z", "vendedor": null, "cliente": 9, "produto": [9, 4]}}, {"model": "vendas.venda", "pk": 23, "fields": {"data_hora": "2019-11-14T04:15:00Z", "vendedor": 1, "cliente": 5, "produto": [9, 10, 3, 4]}}, {"model": "vendas.venda", "pk": 24, "fields": {"data_hora": "2019-11-16T07:30:00Z", "vendedor": 10, "cliente": 2, "produto": [1, 5, 6, 7, 10]}}, {"model": "vendas.venda", "pk": 25, "fields": {"data_hora": "2019-11-20T08:10:00Z", "vendedor": null, "cliente": 5, "produto": [3, 4, 5, 6, 8, 9]}}, {"model": "vendas.venda", "pk": 26, "fields": {"data_hora": "2019-11-21T08:15:00Z", "vendedor": null, "cliente": 8, "produto": [3, 4, 6, 9, 10]}}, {"model": "vendas.venda", "pk": 27, "fields": {"data_hora": "2019-11-22T11:10:00Z", "vendedor": null, "cliente": 4, "produto": [3]}}, {"model": "vendas.venda", "pk": 28, "fields": {"data_hora": "2019-11-25T14:50:00Z", "vendedor": 7, "cliente": 4, "produto": [4, 5, 7, 8, 9, 10]}}, {"model": "vendas.venda", "pk": 29, "fields": {"data_hora": "2019-11-26T15:55:00Z", "vendedor": 2, "cliente": 8, "produto": [1, 2, 7, 8, 9, 10]}}, {"model": "vendas.venda", "pk": 30, "fields": {"data_hora": "2019-11-29T20:40:00Z", "vendedor": 8, "cliente": 9, "produto": [1, 3, 6, 7, 8]}}, {"model": "auth.permission", "pk": 1, "fields": {"name": "Can add log entry", "content_type": 1, "codename": "add_logentry"}}, {"model": "auth.permission", "pk": 2, "fields": {"name": "Can change log entry", "content_type": 1, "codename": "change_logentry"}}, {"model": "auth.permission", "pk": 3, "fields": {"name": "Can delete log entry", "content_type": 1, "codename": "delete_logentry"}}, {"model": "auth.permission", "pk": 4, "fields": {"name": "Can view log entry", "content_type": 1, "codename": "view_logentry"}}, {"model": "auth.permission", "pk": 5, "fields": {"name": "Can add permission", "content_type": 2, "codename": "add_permission"}}, {"model": "auth.permission", "pk": 6, "fields": {"name": "Can change permission", "content_type": 2, "codename": "change_permission"}}, {"model": "auth.permission", "pk": 7, "fields": {"name": "Can delete permission", "content_type": 2, "codename": "delete_permission"}}, {"model": "auth.permission", "pk": 8, "fields": {"name": "Can view permission", "content_type": 2, "codename": "view_permission"}}, {"model": "auth.permission", "pk": 9, "fields": {"name": "Can add group", "content_type": 3, "codename": "add_group"}}, {"model": "auth.permission", "pk": 10, "fields": {"name": "Can change group", "content_type": 3, "codename": "change_group"}}, {"model": "auth.permission", "pk": 11, "fields": {"name": "Can delete group", "content_type": 3, "codename": "delete_group"}}, {"model": "auth.permission", "pk": 12, "fields": {"name": "Can view group", "content_type": 3, "codename": "view_group"}}, {"model": "auth.permission", "pk": 13, "fields": {"name": "Can add user", "content_type": 4, "codename": "add_user"}}, {"model": "auth.permission", "pk": 14, "fields": {"name": "Can change user", "content_type": 4, "codename": "change_user"}}, {"model": "auth.permission", "pk": 15, "fields": {"name": "Can delete user", "content_type": 4, "codename": "delete_user"}}, {"model": "auth.permission", "pk": 16, "fields": {"name": "Can view user", "content_type": 4, "codename": "view_user"}}, {"model": "auth.permission", "pk": 17, "fields": {"name": "Can add content type", "content_type": 5, "codename": "add_contenttype"}}, {"model": "auth.permission", "pk": 18, "fields": {"name": "Can change content type", "content_type": 5, "codename": "change_contenttype"}}, {"model": "auth.permission", "pk": 19, "fields": {"name": "Can delete content type", "content_type": 5, "codename": "delete_contenttype"}}, {"model": "auth.permission", "pk": 20, "fields": {"name": "Can view content type", "content_type": 5, "codename": "view_contenttype"}}, {"model": "auth.permission", "pk": 21, "fields": {"name": "Can add session", "content_type": 6, "codename": "add_session"}}, {"model": "auth.permission", "pk": 22, "fields": {"name": "Can change session", "content_type": 6, "codename": "change_session"}}, {"model": "auth.permission", "pk": 23, "fields": {"name": "Can delete session", "content_type": 6, "codename": "delete_session"}}, {"model": "auth.permission", "pk": 24, "fields": {"name": "Can view session", "content_type": 6, "codename": "view_session"}}, {"model": "auth.permission", "pk": 25, "fields": {"name": "Can add produto", "content_type": 7, "codename": "add_produto"}}, {"model": "auth.permission", "pk": 26, "fields": {"name": "Can change produto", "content_type": 7, "codename": "change_produto"}}, {"model": "auth.permission", "pk": 27, "fields": {"name": "Can delete produto", "content_type": 7, "codename": "delete_produto"}}, {"model": "auth.permission", "pk": 28, "fields": {"name": "Can view produto", "content_type": 7, "codename": "view_produto"}}, {"model": "auth.permission", "pk": 29, "fields": {"name": "Can add vendedor", "content_type": 8, "codename": "add_vendedor"}}, {"model": "auth.permission", "pk": 30, "fields": {"name": "Can change vendedor", "content_type": 8, "codename": "change_vendedor"}}, {"model": "auth.permission", "pk": 31, "fields": {"name": "Can delete vendedor", "content_type": 8, "codename": "delete_vendedor"}}, {"model": "auth.permission", "pk": 32, "fields": {"name": "Can view vendedor", "content_type": 8, "codename": "view_vendedor"}}, {"model": "auth.permission", "pk": 33, "fields": {"name": "Can add cliente", "content_type": 9, "codename": "add_cliente"}}, {"model": "auth.permission", "pk": 34, "fields": {"name": "Can change cliente", "content_type": 9, "codename": "change_cliente"}}, {"model": "auth.permission", "pk": 35, "fields": {"name": "Can delete cliente", "content_type": 9, "codename": "delete_cliente"}}, {"model": "auth.permission", "pk": 36, "fields": {"name": "Can view cliente", "content_type": 9, "codename": "view_cliente"}}, {"model": "auth.permission", "pk": 37, "fields": {"name": "Can add venda", "content_type": 10, "codename": "add_venda"}}, {"model": "auth.permission", "pk": 38, "fields": {"name": "Can change venda", "content_type": 10, "codename": "change_venda"}}, {"model": "auth.permission", "pk": 39, "fields": {"name": "Can delete venda", "content_type": 10, "codename": "delete_venda"}}, {"model": "auth.permission", "pk": 40, "fields": {"name": "Can view venda", "content_type": 10, "codename": "view_venda"}}, {"model": "auth.user", "pk": 1, "fields": {"password": "pbkdf2_sha256$150000$Qt0LoO6mrknh$nAARglRP1KOcAcrINOR8Z/LMPy9YaLJJMgOSGSWUeF8=", "last_login": "2019-11-16T00:27:33.324Z", "is_superuser": true, "username": "leandro", "first_name": "", "last_name": "", "email": "casanova.leandro@gmail.com", "is_staff": true, "is_active": true, "date_joined": "2019-11-16T00:27:14.428Z", "groups": [], "user_permissions": []}}, {"model": "admin.logentry", "pk": 1, "fields": {"action_time": "2019-11-16T00:38:01.320Z", "user": 1, "content_type": 9, "object_id": "1", "object_repr": "Let\u00edcia Ribeiro Oliveira", "action_flag": 1, "change_message": "[{\"added\": {}}]"}}, {"model": "admin.logentry", "pk": 2, "fields": {"action_time": "2019-11-16T00:38:12.091Z", "user": 1, "content_type": 9, "object_id": "2", "object_repr": "Carlos Rocha Oliveira", "action_flag": 1, "change_message": "[{\"added\": {}}]"}}, {"model": "admin.logentry", "pk": 3, "fields": {"action_time": "2019-11-16T00:38:18.843Z", "user": 1, "content_type": 9, "object_id": "3", "object_repr": "Emilly Cunha Lima", "action_flag": 1, "change_message": "[{\"added\": {}}]"}}, {"model": "admin.logentry", "pk": 4, "fields": {"action_time": "2019-11-16T00:38:27.676Z", "user": 1, "content_type": 9, "object_id": "4", "object_repr": "Andr\u00e9 Sousa Lima", "action_flag": 1, "change_message": "[{\"added\": {}}]"}}, {"model": "admin.logentry", "pk": 5, "fields": {"action_time": "2019-11-16T00:38:36.724Z", "user": 1, "content_type": 9, "object_id": "5", "object_repr": "Melissa Silva Melo", "action_flag": 1, "change_message": "[{\"added\": {}}]"}}, {"model": "admin.logentry", "pk": 6, "fields": {"action_time": "2019-11-16T00:38:43.385Z", "user": 1, "content_type": 9, "object_id": "6", "object_repr": "Melissa Melo Correia", "action_flag": 1, "change_message": "[{\"added\": {}}]"}}, {"model": "admin.logentry", "pk": 7, "fields": {"action_time": "2019-11-16T00:38:50.735Z", "user": 1, "content_type": 9, "object_id": "7", "object_repr": "Kaua Ferreira Lima", "action_flag": 1, "change_message": "[{\"added\": {}}]"}}, {"model": "admin.logentry", "pk": 8, "fields": {"action_time": "2019-11-16T00:38:58.281Z", "user": 1, "content_type": 9, "object_id": "8", "object_repr": "Aline Carvalho Barbosa", "action_flag": 1, "change_message": "[{\"added\": {}}]"}}, {"model": "admin.logentry", "pk": 9, "fields": {"action_time": "2019-11-16T00:39:04.843Z", "user": 1, "content_type": 9, "object_id": "9", "object_repr": "Let\u00edcia Ferreira Gomes", "action_flag": 1, "change_message": "[{\"added\": {}}]"}}, {"model": "admin.logentry", "pk": 10, "fields": {"action_time": "2019-11-16T00:39:13.041Z", "user": 1, "content_type": 9, "object_id": "10", "object_repr": "Luana Lima Castro", "action_flag": 1, "change_message": "[{\"added\": {}}]"}}, {"model": "admin.logentry", "pk": 11, "fields": {"action_time": "2019-11-16T00:39:33.867Z", "user": 1, "content_type": 8, "object_id": "1", "object_repr": "Cau\u00e3 Cunha Alves", "action_flag": 1, "change_message": "[{\"added\": {}}]"}}, {"model": "admin.logentry", "pk": 12, "fields": {"action_time": "2019-11-16T00:39:40.289Z", "user": 1, "content_type": 8, "object_id": "2", "object_repr": "Manuela Dias Cavalcanti", "action_flag": 1, "change_message": "[{\"added\": {}}]"}}, {"model": "admin.logentry", "pk": 13, "fields": {"action_time": "2019-11-16T00:39:46.585Z", "user": 1, "content_type": 8, "object_id": "3", "object_repr": "Isabela Fernandes Barbosa", "action_flag": 1, "change_message": "[{\"added\": {}}]"}}, {"model": "admin.logentry", "pk": 14, "fields": {"action_time": "2019-11-16T00:39:53.576Z", "user": 1, "content_type": 8, "object_id": "4", "object_repr": "Alex Fernandes Araujo", "action_flag": 1, "change_message": "[{\"added\": {}}]"}}, {"model": "admin.logentry", "pk": 15, "fields": {"action_time": "2019-11-16T00:40:00.004Z", "user": 1, "content_type": 8, "object_id": "5", "object_repr": "Vitor Melo Goncalves", "action_flag": 1, "change_message": "[{\"added\": {}}]"}}, {"model": "admin.logentry", "pk": 16, "fields": {"action_time": "2019-11-16T00:40:06.309Z", "user": 1, "content_type": 8, "object_id": "6", "object_repr": "Rebeca Pinto Gomes", "action_flag": 1, "change_message": "[{\"added\": {}}]"}}, {"model": "admin.logentry", "pk": 17, "fields": {"action_time": "2019-11-16T00:40:12.615Z", "user": 1, "content_type": 8, "object_id": "7", "object_repr": "Davi Dias Pinto", "action_flag": 1, "change_message": "[{\"added\": {}}]"}}, {"model": "admin.logentry", "pk": 18, "fields": {"action_time": "2019-11-16T00:40:20.714Z", "user": 1, "content_type": 8, "object_id": "8", "object_repr": "F\u00e1bio Alves Azevedo", "action_flag": 1, "change_message": "[{\"added\": {}}]"}}, {"model": "admin.logentry", "pk": 19, "fields": {"action_time": "2019-11-16T00:40:29.142Z", "user": 1, "content_type": 8, "object_id": "9", "object_repr": "Joao Rodrigues Pereira", "action_flag": 1, "change_message": "[{\"added\": {}}]"}}, {"model": "admin.logentry", "pk": 20, "fields": {"action_time": "2019-11-16T00:40:36.768Z", "user": 1, "content_type": 8, "object_id": "10", "object_repr": "Pedro Oliveira Cavalcanti", "action_flag": 1, "change_message": "[{\"added\": {}}]"}}, {"model": "admin.logentry", "pk": 21, "fields": {"action_time": "2019-11-16T00:51:57.069Z", "user": 1, "content_type": 7, "object_id": "1", "object_repr": "Coca-cola", "action_flag": 1, "change_message": "[{\"added\": {}}]"}}, {"model": "admin.logentry", "pk": 22, "fields": {"action_time": "2019-11-16T00:52:31.264Z", "user": 1, "content_type": 7, "object_id": "1", "object_repr": "Coca-cola", "action_flag": 2, "change_message": "[]"}}, {"model": "admin.logentry", "pk": 23, "fields": {"action_time": "2019-11-16T00:52:51.260Z", "user": 1, "content_type": 7, "object_id": "2", "object_repr": "Guaran\u00e1", "action_flag": 1, "change_message": "[{\"added\": {}}]"}}, {"model": "admin.logentry", "pk": 24, "fields": {"action_time": "2019-11-16T01:04:31.240Z", "user": 1, "content_type": 7, "object_id": "3", "object_repr": "Sprite", "action_flag": 1, "change_message": "[{\"added\": {}}]"}}, {"model": "admin.logentry", "pk": 25, "fields": {"action_time": "2019-11-16T01:05:12.352Z", "user": 1, "content_type": 7, "object_id": "4", "object_repr": "Coca Zero", "action_flag": 1, "change_message": "[{\"added\": {}}]"}}, {"model": "admin.logentry", "pk": 26, "fields": {"action_time": "2019-11-16T01:13:22.256Z", "user": 1, "content_type": 7, "object_id": "5", "object_repr": "Fanta", "action_flag": 1, "change_message": "[{\"added\": {}}]"}}, {"model": "admin.logentry", "pk": 27, "fields": {"action_time": "2019-11-16T01:13:42.014Z", "user": 1, "content_type": 7, "object_id": "6", "object_repr": "Fanta Uva", "action_flag": 1, "change_message": "[{\"added\": {}}]"}}, {"model": "admin.logentry", "pk": 28, "fields": {"action_time": "2019-11-16T01:14:00.531Z", "user": 1, "content_type": 7, "object_id": "7", "object_repr": "Scwheppes", "action_flag": 1, "change_message": "[{\"added\": {}}]"}}, {"model": "admin.logentry", "pk": 29, "fields": {"action_time": "2019-11-16T01:14:24.759Z", "user": 1, "content_type": 7, "object_id": "8", "object_repr": "H2OH!", "action_flag": 1, "change_message": "[{\"added\": {}}]"}}, {"model": "admin.logentry", "pk": 30, "fields": {"action_time": "2019-11-16T01:14:45.168Z", "user": 1, "content_type": 7, "object_id": "9", "object_repr": "Aquarius", "action_flag": 1, "change_message": "[{\"added\": {}}]"}}, {"model": "admin.logentry", "pk": 31, "fields": {"action_time": "2019-11-16T01:15:19.430Z", "user": 1, "content_type": 7, "object_id": "10", "object_repr": "Pepsi", "action_flag": 1, "change_message": "[{\"added\": {}}]"}}, {"model": "admin.logentry", "pk": 32, "fields": {"action_time": "2019-11-16T01:15:41.446Z", "user": 1, "content_type": 7, "object_id": "10", "object_repr": "Pepsi", "action_flag": 2, "change_message": "[{\"changed\": {\"fields\": [\"preco\"]}}]"}}, {"model": "admin.logentry", "pk": 33, "fields": {"action_time": "2019-11-16T01:15:51.375Z", "user": 1, "content_type": 7, "object_id": "9", "object_repr": "Aquarius", "action_flag": 2, "change_message": "[{\"changed\": {\"fields\": [\"preco\"]}}]"}}, {"model": "admin.logentry", "pk": 34, "fields": {"action_time": "2019-11-16T01:16:03.270Z", "user": 1, "content_type": 7, "object_id": "8", "object_repr": "H2OH!", "action_flag": 2, "change_message": "[{\"changed\": {\"fields\": [\"preco\"]}}]"}}, {"model": "admin.logentry", "pk": 35, "fields": {"action_time": "2019-11-16T01:16:11.560Z", "user": 1, "content_type": 7, "object_id": "7", "object_repr": "Scwheppes", "action_flag": 2, "change_message": "[{\"changed\": {\"fields\": [\"preco\"]}}]"}}, {"model": "admin.logentry", "pk": 36, "fields": {"action_time": "2019-11-16T01:16:19.868Z", "user": 1, "content_type": 7, "object_id": "6", "object_repr": "Fanta Uva", "action_flag": 2, "change_message": "[{\"changed\": {\"fields\": [\"preco\"]}}]"}}, {"model": "admin.logentry", "pk": 37, "fields": {"action_time": "2019-11-16T01:16:32.172Z", "user": 1, "content_type": 7, "object_id": "5", "object_repr": "Fanta", "action_flag": 2, "change_message": "[{\"changed\": {\"fields\": [\"preco\"]}}]"}}, {"model": "admin.logentry", "pk": 38, "fields": {"action_time": "2019-11-16T01:16:43.214Z", "user": 1, "content_type": 7, "object_id": "4", "object_repr": "Coca Zero", "action_flag": 2, "change_message": "[{\"changed\": {\"fields\": [\"preco\"]}}]"}}, {"model": "admin.logentry", "pk": 39, "fields": {"action_time": "2019-11-16T01:16:53.933Z", "user": 1, "content_type": 7, "object_id": "3", "object_repr": "Sprite", "action_flag": 2, "change_message": "[{\"changed\": {\"fields\": [\"preco\"]}}]"}}, {"model": "admin.logentry", "pk": 40, "fields": {"action_time": "2019-11-16T01:17:06.405Z", "user": 1, "content_type": 7, "object_id": "2", "object_repr": "Guaran\u00e1", "action_flag": 2, "change_message": "[{\"changed\": {\"fields\": [\"preco\"]}}]"}}, {"model": "admin.logentry", "pk": 41, "fields": {"action_time": "2019-11-16T01:17:14.533Z", "user": 1, "content_type": 7, "object_id": "1", "object_repr": "Coca-cola", "action_flag": 2, "change_message": "[{\"changed\": {\"fields\": [\"preco\"]}}]"}}, {"model": "admin.logentry", "pk": 42, "fields": {"action_time": "2019-11-16T01:21:00.447Z", "user": 1, "content_type": 10, "object_id": "1", "object_repr": "1", "action_flag": 1, "change_message": "[{\"added\": {}}]"}}, {"model": "admin.logentry", "pk": 43, "fields": {"action_time": "2019-11-16T01:21:46.819Z", "user": 1, "content_type": 10, "object_id": "1", "object_repr": "1", "action_flag": 2, "change_message": "[]"}}, {"model": "admin.logentry", "pk": 44, "fields": {"action_time": "2019-11-16T01:22:30.961Z", "user": 1, "content_type": 10, "object_id": "2", "object_repr": "2", "action_flag": 1, "change_message": "[{\"added\": {}}]"}}, {"model": "admin.logentry", "pk": 45, "fields": {"action_time": "2019-11-16T01:23:57.571Z", "user": 1, "content_type": 10, "object_id": "3", "object_repr": "3", "action_flag": 1, "change_message": "[{\"added\": {}}]"}}, {"model": "admin.logentry", "pk": 46, "fields": {"action_time": "2019-11-16T01:24:38.933Z", "user": 1, "content_type": 10, "object_id": "4", "object_repr": "4", "action_flag": 1, "change_message": "[{\"added\": {}}]"}}, {"model": "admin.logentry", "pk": 47, "fields": {"action_time": "2019-11-16T01:25:23.254Z", "user": 1, "content_type": 10, "object_id": "5", "object_repr": "5", "action_flag": 1, "change_message": "[{\"added\": {}}]"}}, {"model": "admin.logentry", "pk": 48, "fields": {"action_time": "2019-11-16T01:27:19.421Z", "user": 1, "content_type": 10, "object_id": "6", "object_repr": "6", "action_flag": 1, "change_message": "[{\"added\": {}}]"}}, {"model": "admin.logentry", "pk": 49, "fields": {"action_time": "2019-11-16T01:28:32.337Z", "user": 1, "content_type": 10, "object_id": "7", "object_repr": "7", "action_flag": 1, "change_message": "[{\"added\": {}}]"}}, {"model": "admin.logentry", "pk": 50, "fields": {"action_time": "2019-11-16T01:29:54.544Z", "user": 1, "content_type": 10, "object_id": "8", "object_repr": "8", "action_flag": 1, "change_message": "[{\"added\": {}}]"}}, {"model": "admin.logentry", "pk": 51, "fields": {"action_time": "2019-11-16T01:31:06.869Z", "user": 1, "content_type": 10, "object_id": "9", "object_repr": "9", "action_flag": 1, "change_message": "[{\"added\": {}}]"}}, {"model": "admin.logentry", "pk": 52, "fields": {"action_time": "2019-11-16T01:32:01.749Z", "user": 1, "content_type": 10, "object_id": "10", "object_repr": "10", "action_flag": 1, "change_message": "[{\"added\": {}}]"}}, {"model": "admin.logentry", "pk": 53, "fields": {"action_time": "2019-11-16T01:37:18.513Z", "user": 1, "content_type": 10, "object_id": "11", "object_repr": "11", "action_flag": 1, "change_message": "[{\"added\": {}}]"}}, {"model": "admin.logentry", "pk": 54, "fields": {"action_time": "2019-11-16T01:41:51.740Z", "user": 1, "content_type": 10, "object_id": "12", "object_repr": "12", "action_flag": 1, "change_message": "[{\"added\": {}}]"}}, {"model": "admin.logentry", "pk": 55, "fields": {"action_time": "2019-11-16T01:42:39.058Z", "user": 1, "content_type": 10, "object_id": "13", "object_repr": "13", "action_flag": 1, "change_message": "[{\"added\": {}}]"}}, {"model": "admin.logentry", "pk": 56, "fields": {"action_time": "2019-11-16T01:43:17.199Z", "user": 1, "content_type": 10, "object_id": "14", "object_repr": "14", "action_flag": 1, "change_message": "[{\"added\": {}}]"}}, {"model": "admin.logentry", "pk": 57, "fields": {"action_time": "2019-11-16T01:44:16.689Z", "user": 1, "content_type": 10, "object_id": "15", "object_repr": "15", "action_flag": 1, "change_message": "[{\"added\": {}}]"}}, {"model": "admin.logentry", "pk": 58, "fields": {"action_time": "2019-11-16T01:44:56.106Z", "user": 1, "content_type": 10, "object_id": "16", "object_repr": "16", "action_flag": 1, "change_message": "[{\"added\": {}}]"}}, {"model": "admin.logentry", "pk": 59, "fields": {"action_time": "2019-11-16T01:46:09.096Z", "user": 1, "content_type": 10, "object_id": "17", "object_repr": "17", "action_flag": 1, "change_message": "[{\"added\": {}}]"}}, {"model": "admin.logentry", "pk": 60, "fields": {"action_time": "2019-11-16T01:47:01.534Z", "user": 1, "content_type": 10, "object_id": "18", "object_repr": "18", "action_flag": 1, "change_message": "[{\"added\": {}}]"}}, {"model": "admin.logentry", "pk": 61, "fields": {"action_time": "2019-11-16T01:47:46.559Z", "user": 1, "content_type": 10, "object_id": "19", "object_repr": "19", "action_flag": 1, "change_message": "[{\"added\": {}}]"}}, {"model": "admin.logentry", "pk": 62, "fields": {"action_time": "2019-11-16T01:48:28.705Z", "user": 1, "content_type": 10, "object_id": "20", "object_repr": "20", "action_flag": 1, "change_message": "[{\"added\": {}}]"}}, {"model": "admin.logentry", "pk": 63, "fields": {"action_time": "2019-11-16T01:49:53.232Z", "user": 1, "content_type": 10, "object_id": "21", "object_repr": "21", "action_flag": 1, "change_message": "[{\"added\": {}}]"}}, {"model": "admin.logentry", "pk": 64, "fields": {"action_time": "2019-11-16T01:50:34.337Z", "user": 1, "content_type": 10, "object_id": "22", "object_repr": "22", "action_flag": 1, "change_message": "[{\"added\": {}}]"}}, {"model": "admin.logentry", "pk": 65, "fields": {"action_time": "2019-11-16T01:51:33.310Z", "user": 1, "content_type": 10, "object_id": "23", "object_repr": "23", "action_flag": 1, "change_message": "[{\"added\": {}}]"}}, {"model": "admin.logentry", "pk": 66, "fields": {"action_time": "2019-11-16T01:52:41.755Z", "user": 1, "content_type": 10, "object_id": "24", "object_repr": "24", "action_flag": 1, "change_message": "[{\"added\": {}}]"}}, {"model": "admin.logentry", "pk": 67, "fields": {"action_time": "2019-11-16T01:54:28.181Z", "user": 1, "content_type": 10, "object_id": "25", "object_repr": "25", "action_flag": 1, "change_message": "[{\"added\": {}}]"}}, {"model": "admin.logentry", "pk": 68, "fields": {"action_time": "2019-11-16T01:55:28.019Z", "user": 1, "content_type": 10, "object_id": "26", "object_repr": "26", "action_flag": 1, "change_message": "[{\"added\": {}}]"}}, {"model": "admin.logentry", "pk": 69, "fields": {"action_time": "2019-11-16T01:55:59.610Z", "user": 1, "content_type": 10, "object_id": "27", "object_repr": "27", "action_flag": 1, "change_message": "[{\"added\": {}}]"}}, {"model": "admin.logentry", "pk": 70, "fields": {"action_time": "2019-11-16T01:57:25.838Z", "user": 1, "content_type": 10, "object_id": "28", "object_repr": "28", "action_flag": 1, "change_message": "[{\"added\": {}}]"}}, {"model": "admin.logentry", "pk": 71, "fields": {"action_time": "2019-11-16T01:58:40.566Z", "user": 1, "content_type": 10, "object_id": "29", "object_repr": "29", "action_flag": 1, "change_message": "[{\"added\": {}}]"}}, {"model": "admin.logentry", "pk": 72, "fields": {"action_time": "2019-11-16T01:59:43.050Z", "user": 1, "content_type": 10, "object_id": "30", "object_repr": "30", "action_flag": 1, "change_message": "[{\"added\": {}}]"}}]