[{"model": "sessions.session", "pk": "b5pcipi5v6fhadifftub1agrdkxvvoal", "fields": {"session_data": "YzRlMTI4YWQ3ZDI0NmZkODRjNTUyMmU4MDVhZjEzMzRkNzU3ZTQ0Yjp7Il9hdXRoX3VzZXJfaWQiOiIxIiwiX2F1dGhfdXNlcl9iYWNrZW5kIjoiZGphbmdvLmNvbnRyaWIuYXV0aC5iYWNrZW5kcy5Nb2RlbEJhY2tlbmQiLCJfYXV0aF91c2VyX2hhc2giOiIyNDBkMGMwZDE1ZDM5NDkyZWUwMzc0N2YzODhmMTcxMTdmNWViNzA0In0=", "expire_date": "2019-11-30T00:27:33.333Z"}}, {"model": "vendas.produto", "pk": 1, "fields": {"nome": "Coca-cola", "preco": "8.77", "comissao": "3.00"}}, {"model": "vendas.produto", "pk": 2, "fields": {"nome": "Guaran\u00e1", "preco": "4.72", "comissao": "8.00"}}, {"model": "vendas.produto", "pk": 3, "fields": {"nome": "Sprite", "preco": "2.62", "comissao": "9.00"}}, {"model": "vendas.produto", "pk": 4, "fields": {"nome": "Coca Zero", "preco": "4.08", "comissao": "5.00"}}, {"model": "vendas.produto", "pk": 5, "fields": {"nome": "Fanta", "preco": "1.38", "comissao": "1.12"}}, {"model": "vendas.produto", "pk": 6, "fields": {"nome": "Fanta Uva", "preco": "4.84", "comissao": "0.00"}}, {"model": "vendas.produto", "pk": 7, "fields": {"nome": "Scwheppes", "preco": "4.75", "comissao": "6.00"}}, {"model": "vendas.produto", "pk": 8, "fields": {"nome": "H2OH!", "preco": "7.51", "comissao": "3.00"}}, {"model": "vendas.produto", "pk": 9, "fields": {"nome": "Aquarius", "preco": "2.28", "comissao": "0.00"}}, {"model": "vendas.produto", "pk": 10, "fields": {"nome": "Pepsi", "preco": "3.42", "comissao": "2.00"}}, {"model": "vendas.produto", "pk": 13, "fields": {"nome": "Alterado", "preco": "10.00", "comissao": "15.00"}}, {"model": "vendas.vendedor", "pk": 1, "fields": {"nome": "Cau\u00e3 Cunha Alves"}}, {"model": "vendas.vendedor", "pk": 2, "fields": {"nome": "Manuela Dias Cavalcanti"}}, {"model": "vendas.vendedor", "pk": 3, "fields": {"nome": "Isabela Fernandes Barbosa"}}, {"model": "vendas.vendedor", "pk": 4, "fields": {"nome": "Alex Fernandes Araujo"}}, {"model": "vendas.vendedor", "pk": 5, "fields": {"nome": "Vitor Melo Goncalves"}}, {"model": "vendas.vendedor", "pk": 6, "fields": {"nome": "Rebeca Pinto Gomes"}}, {"model": "vendas.vendedor", "pk": 7, "fields": {"nome": "Davi Dias Pinto"}}, {"model": "vendas.vendedor", "pk": 8, "fields": {"nome": "F\u00e1bio Alves Azevedo"}}, {"model": "vendas.vendedor", "pk": 9, "fields": {"nome": "Joao Rodrigues Pereira"}}, {"model": "vendas.vendedor", "pk": 10, "fields": {"nome": "Pedro Oliveira Cavalcanti"}}, {"model": "vendas.cliente", "pk": 1, "fields": {"nome": "Let\u00edcia Ribeiro Oliveira"}}, {"model": "vendas.cliente", "pk": 2, "fields": {"nome": "Carlos Rocha Oliveira"}}, {"model": "vendas.cliente", "pk": 3, "fields": {"nome": "Emilly Cunha Lima"}}, {"model": "vendas.cliente", "pk": 4, "fields": {"nome": "Andr\u00e9 Sousa Lima"}}, {"model": "vendas.cliente", "pk": 5, "fields": {"nome": "Melissa Silva Melo"}}, {"model": "vendas.cliente", "pk": 6, "fields": {"nome": "Melissa Melo Correia"}}, {"model": "vendas.cliente", "pk": 7, "fields": {"nome": "Kaua Ferreira Lima"}}, {"model": "vendas.cliente", "pk": 8, "fields": {"nome": "Aline Carvalho Barbosa"}}, {"model": "vendas.cliente", "pk": 9, "fields": {"nome": "Let\u00edcia Ferreira Gomes"}}, {"model": "vendas.cliente", "pk": 10, "fields": {"nome": "Luana Lima Castro"}}, {"model": "vendas.venda", "pk": 1, "fields": {"data_hora": "2019-11-03T01:20:00Z", "vendedor": 4, "cliente": 1, "produto": [6, 3, 2]}}, {"model": "vendas.venda", "pk": 2, "fields": {"data_hora": "2019-11-06T02:25:00Z", "vendedor": 4, "cliente": 10, "produto": [9, 8]}}, {"model": "vendas.venda", "pk": 3, "fields": {"data_hora": "2019-11-07T07:35:00Z", "vendedor": 3, "cliente": 10, "produto": [10, 9, 6, 4, 2, 1]}}, {"model": "vendas.venda", "pk": 4, "fields": {"data_hora": "2019-11-08T08:20:00Z", "vendedor": 9, "cliente": 2, "produto": [10]}}, {"model": "vendas.venda", "pk": 5, "fields": {"data_hora": "2019-11-09T14:20:00Z", "vendedor": 3, "cliente": 3, "produto": [10, 3]}}, {"model": "vendas.venda", "pk": 6, "fields": {"data_hora": "2019-11-11T14:40:00Z", "vendedor": 2, "cliente": 7, "produto": [6, 4, 1, 5]}}, {"model": "vendas.venda", "pk": 7, "fields": {"data_hora": "2019-11-13T14:50:00Z", "vendedor": 4, "cliente": 2, "produto": [9, 2, 5]}}, {"model": "vendas.venda", "pk": 8, "fields": {"data_hora": "2019-11-24T16:05:00Z", "vendedor": 2, "cliente": 3, "produto": [10, 9, 8, 7, 2]}}, {"model": "vendas.venda", "pk": 9, "fields": {"data_hora": "2019-11-28T18:55:00Z", "vendedor": 4, "cliente": 5, "produto": [10, 9, 7, 6, 4, 3]}}, {"model": "vendas.venda", "pk": 10, "fields": {"data_hora": "2019-11-30T19:45:00Z", "vendedor": 6, "cliente": 10, "produto": [9, 8, 1]}}, {"model": "vendas.venda", "pk": 11, "fields": {"data_hora": "2019-11-01T03:00:00Z", "vendedor": null, "cliente": 2, "produto": [9, 4, 3, 1]}}, {"model": "vendas.venda", "pk": 12, "fields": {"data_hora": "2019-11-03T09:25:00Z", "vendedor": 4, "cliente": 5, "produto": [8, 3, 5]}}, {"model": "vendas.venda", "pk": 13, "fields": {"data_hora": "2019-11-04T12:25:00Z", "vendedor": 8, "cliente": 10, "produto": [9, 7, 2]}}, {"model": "vendas.venda", "pk": 14, "fields": {"data_hora": "2019-11-05T13:30:00Z", "vendedor": 3, "cliente": 2, "produto": [10, 1]}}, {"model": "vendas.venda", "pk": 15, "fields": {"data_hora": "2019-11-07T14:10:00Z", "vendedor": 8, "cliente": 6, "produto": [6, 4, 2, 1]}}, {"model": "vendas.venda", "pk": 16, "fields": {"data_hora": "2019-11-14T20:15:00Z", "vendedor": 3, "cliente": 2, "produto": [7, 5]}}, {"model": "vendas.venda", "pk": 17, "fields": {"data_hora": "2019-11-15T20:40:00Z", "vendedor": 4, "cliente": 7, "produto": [6, 4, 2, 5]}}, {"model": "vendas.venda", "pk": 18, "fields": {"data_hora": "2019-11-16T23:00:00Z", "vendedor": null, "cliente": 7, "produto": [10, 8, 6, 4]}}, {"model": "vendas.venda", "pk": 19, "fields": {"data_hora": "2019-11-23T23:15:00Z", "vendedor": 4, "cliente": 5, "produto": [10, 3, 2]}}, {"model": "vendas.venda", "pk": 20, "fields": {"data_hora": "2019-11-27T23:45:00Z", "vendedor": null, "cliente": 4, "produto": [6]}}, {"model": "vendas.venda", "pk": 21, "fields": {"data_hora": "2019-11-04T03:30:00Z", "vendedor": null, "cliente": 6, "produto": [7]}}, {"model": "vendas.venda", "pk": 22, "fields": {"data_hora": "2019-11-05T03:55:00Z", "vendedor": null, "cliente": 9, "produto": [9, 4]}}, {"model": "vendas.venda", "pk": 23, "fields": {"data_hora": "2019-11-14T04:15:00Z", "vendedor": 1, "cliente": 5, "produto": [10, 9, 4, 3]}}, {"model": "vendas.venda", "pk": 24, "fields": {"data_hora": "2019-11-16T07:30:00Z", "vendedor": 10, "cliente": 2, "produto": [10, 7, 6, 1, 5]}}, {"model": "vendas.venda", "pk": 25, "fields": {"data_hora": "2019-11-20T08:10:00Z", "vendedor": null, "cliente": 5, "produto": [9, 8, 6, 4, 3, 5]}}, {"model": "vendas.venda", "pk": 26, "fields": {"data_hora": "2019-11-21T08:15:00Z", "vendedor": null, "cliente": 8, "produto": [10, 9, 6, 4, 3]}}, {"model": "vendas.venda", "pk": 27, "fields": {"data_hora": "2019-11-22T11:10:00Z", "vendedor": null, "cliente": 4, "produto": [3]}}, {"model": "vendas.venda", "pk": 28, "fields": {"data_hora": "2019-11-25T14:50:00Z", "vendedor": 7, "cliente": 4, "produto": [10, 9, 8, 7, 4, 5]}}, {"model": "vendas.venda", "pk": 29, "fields": {"data_hora": "2019-11-26T15:55:00Z", "vendedor": 2, "cliente": 8, "produto": [10, 9, 8, 7, 2, 1]}}, {"model": "vendas.venda", "pk": 30, "fields": {"data_hora": "2019-11-29T20:40:00Z", "vendedor": 8, "cliente": 9, "produto": [8, 7, 6, 3, 1]}}, {"model": "auth.user", "pk": 1, "fields": {"password": "pbkdf2_sha256$150000$Qt0LoO6mrknh$nAARglRP1KOcAcrINOR8Z/LMPy9YaLJJMgOSGSWUeF8=", "last_login": "2019-11-16T00:27:33.324Z", "is_superuser": true, "username": "leandro", "first_name": "", "last_name": "", "email": "casanova.leandro@gmail.com", "is_staff": true, "is_active": true, "date_joined": "2019-11-16T00:27:14.428Z", "groups": [], "user_permissions": []}}]